{
  "best_f1_threshold": 0.7,
  "best_f1_metrics": {
    "precision": 0.9255952380952381,
    "recall": 0.9569230769230769,
    "f1": 0.9409984871406959
  },
  "precision_target_threshold": null,
  "precision_target_metrics": null
}