{
  "best_f1_threshold": 0.8,
  "best_f1_metrics": {
    "precision": 0.2921156126006711,
    "recall": 0.4570124288217258,
    "f1": 0.35641561450001735
  },
  "precision_target_threshold": null,
  "precision_target_metrics": null
}